observados	esperados
20.852180480957	27.7703666687012
27.159029006958	9.87144660949707
27.6018142700195	5.199294090271
0	25.4329357147217
0	19.1388893127441
22.402099609375	8.40911388397217
0	6.80974578857422
33.1564674377441	10.9343576431274
0	13.658501625061
0	0
3.36443996429443	7.78748655319214
38.7238693237305	21.7754764556885
21.3911228179932	23.6245231628418
14.5165328979492	32.962100982666
0.760631322860718	20.6356239318848
24.5249538421631	28.8442058563232
3.89135479927063	22.7542953491211
12.9406785964966	20.4352188110352
0	18.1245937347412
0	11.7776498794556
32.4713249206543	16.1908321380615
21.9566478729248	28.130292892456
8.14435577392578	27.3480339050293
0	11.2365589141846
25.3470554351807	29.3377799987793
26.6491775512695	24.1675701141357
0	16.5594863891602
0	13.027853012085
35.1989669799805	24.7201728820801
7.39169216156006	25.978910446167
31.1420040130615	15.1126594543457
1.68416345119476	32.9368667602539
18.1039981842041	4.95606517791748
8.15390396118164	35.2710151672363
0.838117718696594	33.7830543518066
18.0051898956299	30.8297882080078
25.629020690918	35.3155059814453
0	25.0851135253906
37.4198188781738	25.0851135253906
24.2330169677734	25.0851135253906
7.00356864929199	25.0851135253906
2.92160296440125	3.06045317649841
29.1345672607422	33.9314422607422
0	26.5174407958984
2.62246108055115	23.8680095672607
0	23.4501609802246
37.6389770507812	22.6587715148926
12.3209209442139	26.890869140625
29.3470516204834	13.2386198043823
24.431396484375	24.4550476074219
15.7722234725952	29.0168800354004
0	33.5369758605957
18.9446697235107	6.61068725585938
32.1341514587402	31.5309619903564
6.78071069717407	22.9237937927246
14.8721942901611	32.2764854431152
41.0945472717285	27.4968967437744
28.6751708984375	18.3352890014648
25.0328845977783	24.1940689086914
24.0191059112549	28.5617847442627
0.798709273338318	24.2021732330322
0	18.4736671447754
24.6577911376953	26.0089931488037
33.1237525939941	16.4937191009521
0	12.8768730163574
1.47654068470001	14.5115671157837
26.803825378418	26.8786468505859
22.0798797607422	10.1612634658814
1.63058030605316	0
0	28.1720790863037
15.9316596984863	14.2519989013672
3.40812730789185	19.0073699951172
9.58492183685303	13.658501625061
24.8456859588623	1.15689265727997
40.3258018493652	30.9066848754883
0	13.3384227752686
1.36553347110748	30.2997951507568
11.1840019226074	30.2997951507568
4.92285871505737	20.4880886077881
10.0167331695557	28.846960067749
4.0666389465332	30.7713603973389
1.75109767913818	3.44868636131287
36.7766418457031	32.5155410766602
0.93602705001831	30.6544437408447
7.00922870635986	30.6544437408447
33.3888549804688	24.2023525238037
0	24.2023525238037
17.6171531677246	16.7914924621582
0	22.1608448028564
29.3039512634277	11.7776498794556
0	12.4104747772217
3.81029605865479	0
18.0529861450195	24.1587772369385
20.0206146240234	31.8344306945801
0	33.7343902587891
58.5482215881348	14.5420351028442
22.7698822021484	19.3662776947021
0	0
20.2657814025879	28.4016399383545
12.913028717041	3.2378580570221
30.7379322052002	3.29744410514831
15.7256660461426	31.9115238189697
0.901799380779266	12.6971616744995
0	47.4005241394043
10.3026943206787	12.0771417617798
30.4444370269775	16.5680179595947
1.38408303260803	16.5680179595947
8.23001861572266	25.0530433654785
11.1543073654175	3.04140377044678
3.5581111907959	28.4572925567627
2.67516183853149	23.2821254730225
7.65477228164673	23.8751564025879
31.6131401062012	19.8283405303955
28.8872184753418	24.4670696258545
5.70365953445435	12.8561096191406
5.9626841545105	23.8751564025879
18.1001319885254	18.9156475067139
0	10.0798425674438
22.4655323028564	17.472318649292
0	25.7397308349609
17.4259166717529	25.7397308349609
12.1549015045166	28.3490390777588
29.7645301818848	28.5996780395508
0.85135293006897	22.6152572631836
18.248950958252	18.5849437713623
21.2458686828613	22.6361274719238
0	23.1226825714111
29.2962799072266	18.2251091003418
33.2906951904297	12.6261558532715
7.58346843719482	24.7479133605957
17.8256092071533	24.7479133605957
28.8681449890137	24.7479133605957
27.9464149475098	24.7201385498047
20.4280681610107	24.7479133605957
0	25.0086879730225
27.9629402160645	35.4427833557129
16.8161067962646	8.9596700668335
5.51506567001343	0
28.200231552124	24.8767929077148
36.5135955810547	23.2756595611572
30.8831100463867	23.1782169342041
34.022777557373	7.48769569396973
5.19228935241699	29.01051902771
0	29.01051902771
12.6181716918945	27.0119075775146
3.62153363227844	24.6597137451172
9.67067337036133	27.1152687072754
36.6551246643066	29.6733894348144
23.468656539917	28.2185153961182
0	24.2738704681396
29.324275970459	25.6751251220703
1.72360169887543	0
28.8400802612305	28.7843532562256
0	22.1759357452393
0	4.89734125137329
30.7611923217773	7.76330995559692
1.99086451530457	26.4237480163574
1.15671646595001	0.693600237369537
9.42153549194336	27.1540966033935
1.73499882221222	0
0	26.2706565856934
0	30.114688873291
0	14.1289396286011
24.6496543884277	28.1619071960449
21.2529888153076	23.4811820983887
5.54912948608398	34.500186920166
27.7110366821289	22.5627689361572
15.4350919723511	0
9.2649621963501	27.2043838500977
32.5356330871582	20.2765693664551
0	20.2634029388428
18.9065170288086	16.2423534393311
3.01826786994934	0
20.6607322692871	0
6.00066661834717	21.412467956543
23.8440246582031	23.4154300689697
0.907665252685547	16.7320423126221
7.71516418457031	18.2530136108398
22.4216480255127	17.842306137085
7.15039443969727	16.9314479827881
8.39210987091064	4.17080450057983
22.4600219726562	28.910758972168
6.92367315292358	14.7571334838867
1.2007395029068	10.2361192703247
19.8034019470215	24.6610412597656
28.4043445587158	2.66285133361816
18.444902420044	0.402710825204849
27.6001682281494	1.50340962409973
0	20.5823135375977
3.08752655982971	6.61353778839111
0	12.1717710494995
0	23.5818767547607
23.2147693634033	24.0340919494629
0	18.343635559082
29.4746150970459	29.3516006469727
25.2984428405762	27.5176963806152
0.664304077625275	23.820032119751
35.3957901000977	14.8426856994629
13.8548021316528	17.9621086120606
10.7692651748657	10.2479267120361
30.6057434082031	12.5089387893677
16.69482421875	12.5089387893677
29.9093685150146	17.6677761077881
15.7089290618896	32.2555465698242
23.2055492401123	32.0810241699219
0	28.170223236084
6.31293678283691	12.6597871780396
26.4276313781738	28.5199337005615
11.7761602401733	28.7523899078369
14.7914543151856	27.4185791015625
0.798709273338318	26.7699241638184
0	30.8275260925293
0	26.3014717102051
0	17.1083393096924
21.1294746398926	30.525541305542
13.2015256881714	16.2804641723633
3.22288513183594	16.2804641723633
3.14187097549439	31.8473148345947
25.9559917449951	16.0700206756592
1.79945993423462	20.7549724578857
20.852668762207	1.28262376785278
1.69445502758026	15.9208698272705
0	22.7365951538086
21.2358741760254	3.23449110984802
0.150214076042175	18.2996006011963
26.6583347320557	20.139627456665
31.959831237793	13.015157699585
33.8869667053223	19.775260925293
13.7014245986939	25.7638721466064
29.3127975463867	17.0262908935547
14.1328210830689	29.5275897979736
0	13.1834630966187
27.2405414581299	31.4346809387207
0	31.4346809387207
0	0
0	12.4006910324097
28.4947147369385	12.0631475448608
12.5243434906006	16.0740451812744
0	20.6346321105957
23.1766357421875	8.01553249359131
24.2462692260742	18.5693054199219
31.0660057067871	33.3461074829102
2.31926584243774	14.4370145797729
34.0271301269531	8.92086124420166
34.0873031616211	0
3.20061802864075	13.0374269485474
19.6596641540527	20.8910713195801
0	23.2675285339355
39.7593383789062	31.6965618133545
0.831424534320831	27.0934505462646
25.5514183044434	18.3204917907715
29.9037399291992	31.8252906799316
20.1989059448242	24.0327701568604
37.4611587524414	7.47604942321777
0	0
17.9404125213623	0
0	0
0.919723510742188	22.4425582885742
48.6141242980957	24.6176891326904
21.0993099212646	0
0	25.3264694213867
0.634827792644501	3.71641421318054
9.66193771362305	6.52260684967041
27.391414642334	25.4652900695801
0.966372728347778	28.1228179931641
9.63474082946777	22.5929756164551
4.53322649002075	22.5929756164551
29.1946506500244	17.4429111480713
0	17.4206466674805
24.6012382507324	19.2934913635254
0	1.45580220222473
3.39969348907471	3.8664698600769
0	31.9729919433594
18.1364002227783	30.5240039825439
0	32.3820266723633
0.080469496548176	53.8832397460938
0	26.83860206604
11.6998357772827	10.6121559143066
34.3968658447266	15.6088361740112
3.67827844619751	0
38.5893096923828	26.5188732147217
28.9606742858887	26.3355503082275
34.8603553771973	30.5160045623779
2.29827427864075	29.9531669616699
23.4966373443604	2.30183362960815
37.6911087036133	18.1348838806152
20.737735748291	24.5585384368896
33.2070388793945	50.243896484375
30.1733932495117	25.3264694213867
27.7588043212891	0
4.25109720230103	24.6176891326904
27.7617874145508	22.4425582885742
30.000883102417	24.0327701568604
11.9941453933716	31.6965618133545
17.3279495239258	1.70187366008759
29.2763328552246	11.5399169921875
0.83082103729248	11.5399169921875
0.832460701465607	27.6572322845459
0	16.4868412017822
43.4972457885742	0
14.5811100006103	18.8311824798584
0	0
34.2003402709961	16.8320789337158
8.11832714080811	0
0.254226237535477	29.6629524230957
1.54057443141937	16.7376575469971
24.79518699646	17.7856292724609
0	15.5918312072754
9.7934045791626	25.0063877105713
13.2682485580444	19.3241176605225
1.12066149711609	30.916130065918
15.3419055938721	8.15881443023682
30.0654888153076	23.8287658691406
4.87048387527466	21.2243995666504
17.5584049224854	11.9587078094482
32.5351409912109	17.7490501403809
3.56584525108337	8.55384159088135
28.5638523101807	13.8796215057373
0	16.4868412017822
18.3406047821045	25.1320400238037
5.27791500091553	32.241527557373
35.4238891601562	22.321310043335
25.2064743041992	20.167387008667
2.50077080726623	0
38.7592315673828	0
15.8407726287842	7.54714727401733
5.42873907089233	7.54714727401733
33.2808151245117	22.6898860931396
16.5067768096924	11.5277433395386
3.58354926109314	16.4207572937012
1.28469121456146	1.82392597198486
16.7430667877197	0.82772570848465
0	21.3985233306885
29.9074001312256	8.15881443023682
0	10.32923412323
8.40056991577148	10.32923412323
0.472089976072311	10.32923412323
0	22.4852275848389
20.5246410369873	13.5974617004395
21.6101837158203	13.5974617004395
11.4138212203979	13.5974617004395
6.99009847640991	23.6320133209229
22.9270114898682	23.6320133209229
0.009102967567742	23.2340908050537
8.82006359100342	33.7343902587891
0	24.8451404571533
7.59473705291748	19.6357402801514
11.5850591659546	24.9388389587402
0	14.6483306884766
6.08613109588623	20.5275821685791
9.86060333251953	2.81862878799439
35.9284362792969	29.5459957122803
0	29.5459957122803
0	29.5459957122803
31.640604019165	5.2722578048706
13.3760089874268	20.1282958984375
22.425802230835	16.8896141052246
0.889946281909943	4.43655300140381
0	27.7300243377686
0	28.7334136962891
0	28.1683197021484
0	28.1683197021484
0	7.68877840042114
34.1662330627441	26.2076034545898
4.26328945159912	24.0663509368896
31.6958045959473	24.0663509368896
31.7486591339111	20.2121067047119
29.4127426147461	17.8520793914795
1.20073926448822	14.1611032485962
0	27.434440612793
29.786714553833	20.2121067047119
0	23.2544269561768
8.78114223480225	12.0954999923706
35.4534912109375	5.6486177444458
19.3476619720459	5.6486177444458
0	31.6855812072754
21.7894401550293	0
25.6584777832031	23.6320133209229
0	23.6320133209229
18.5341148376465	22.9106349945068
1.07339346408844	0.22105111181736
4.06911087036133	13.7257070541382
36.0815391540527	4.3907208442688
27.3397655487061	7.29493093490601
0	0
0	12.815279006958
30.1006813049316	25.6013603210449
0	25.6013603210449
1.39391040802002	25.6013603210449
0	25.6013603210449
28.9591827392578	25.6013603210449
23.5230216979981	25.6013603210449
3.27673625946045	25.6013603210449
29.6259880065918	25.6013603210449
12.8597097396851	11.3995733261108
0.92718094587326	26.8462409973144
38.190315246582	22.414192199707
14.8256950378418	22.414192199707
25.1786155700684	25.6013603210449
11.7773113250732	0.22105111181736
0.798709273338318	0
20.3908500671387	13.1957378387451
22.4261932373047	13.1957378387451
23.8900508880615	30.9702339172363
0	13.4907932281494
0	11.9045743942261
32.4438934326172	8.41408157348633
0	8.41408157348633
20.6078968048096	8.41408157348633
0.693599343299866	8.41408157348633
0.702330648899078	8.01553249359131
1.69262635707855	25.6013603210449
0	25.6013603210449
11.0765581130981	20.6223449707031
10.2629089355469	19.2522583007813
23.0232276916504	26.2894134521484
0	35.3949432373047
18.9421081542969	29.5035152435303
19.1675701141357	31.9529972076416
24.6522769927979	16.050464630127
15.6844644546509	16.050464630127
0.636185944080353	0
15.9382667541504	20.167387008667
36.7853813171387	14.7681388854981
31.224967956543	16.050464630127
51.3900756835938	25.7500019073486
0	26.199764251709
39.9138450622559	0
7.45698547363281	23.3640193939209
7.58112812042236	19.6112823486328
20.2996959686279	23.8018474578857
1.28583002090454	26.204008102417
0	11.3572769165039
0	26.5854949951172
27.7929782867432	23.3640193939209
0	0
32.7096328735352	24.0275154113769
0	13.0122451782227
0	7.74101638793945
4.45645904541016	21.7443866729736
4.21698379516602	11.8359384536743
28.471284866333	25.6013603210449
0.685200691223145	26.8087787628174
2.0991621017456	19.6112823486328
10.5848388671875	32.5835990905762
0	27.1196174621582
5.73891544342041	11.8378705978394
21.9039001464844	11.8378705978394
2.79995107650757	11.8378705978394
30.8707981109619	11.8378705978394
1.28396475315094	11.8378705978394
22.6357307434082	11.8378705978394
29.3258285522461	5.41245794296265
38.0536270141602	19.11989402771
14.5705327987671	30.6303520202637
1.52348780632019	25.6593399047852
0	25.5019283294678
1.58541595935822	29.5964374542236
0	26.5287895202637
0	31.8819427490234
24.1942634582519	19.11989402771
17.6057281494141	17.1083946228027
4.82458114624023	10.1229391098023
26.3255977630615	15.5460081100464
47.0359954833984	35.9308891296387
0	29.2001037597656
0	28.5361709594727
0	32.891716003418
2.07582974433899	24.1410789489746
27.7781295776367	24.1410789489746
0	23.3411426544189
0	3.49615406990051
5.23224449157715	22.7565574645996
40.2274436950684	18.7677669525146
0	0
11.5018072128296	27.3632850646973
0	14.4081525802612
1.1102499961853	8.45268249511719
27.7138938903809	14.4081525802612
12.9686470031738	24.7875995635986
34.7392845153809	23.1419677734375
1.26311504840851	0
22.1600589752197	0
0	0
6.90901374816895	0
0	30.6303520202637
40.3462028503418	8.99360752105713
42.2512168884277	23.3411426544189
19.384786605835	18.4477729797363
2.02818322181702	30.6611213684082
29.3801250457764	1.59437251091003
0	18.7677669525146
33.1800537109375	30.9177284240723
0	30.9177284240723
37.9034194946289	30.9177284240723
24.0162487030029	8.92906951904297
47.1346740722656	30.9177284240723
18.710090637207	9.17397785186768
0	8.99360752105713
1.44593560695648	8.99360752105713
1.25444042682648	8.99360752105713
24.9235649108887	26.341962814331
34.9136505126953	5.33108139038086
27.6079597473144	23.992166519165
1.23840963840485	0
1.38175570964813	23.992166519165
3.89367151260376	8.36732387542725
12.761643409729	19.3896675109863
7.0749101638794	17.7490501403809
27.4911212921143	9.37896537780762
5.52886390686035	9.32448196411133
0	33.7061576843262
34.3681602478027	34.1436080932617
30.5811462402344	1.59437251091003
21.1503353118896	39.1114196777344
12.0652952194214	21.8335952758789
26.7902355194092	6.77030992507935
37.9535293579102	1.754674077034
30.4256362915039	20.5049858093262
15.7496070861816	36.4686279296875
37.4420509338379	8.78079795837402
0	2.39626312255859
29.8707389831543	21.4835605621338
32.482795715332	23.7625999450684
15.7054615020752	30.678991317749
0.88994687795639	23.3203353881836
0.642952501773834	32.3820266723633
17.266450881958	30.6589393615723
0	26.0890560150146
28.0991039276123	8.96053314208984
30.3707580566406	23.8396244049072
17.8688354492188	21.886100769043
20.2318229675293	5.64739036560059
24.262357711792	27.8770484924316
20.9168071746826	27.8407478332519
37.9477272033691	14.5059852600098
28.9983577728271	21.8335952758789
9.66145324707031	30.4598121643066
12.9454565048218	15.1377382278442
12.8526220321655	2.31403064727783
0.014144180342555	17.9187278747559
0.845275342464447	18.8819046020508
24.4815940856934	17.9986267089844
26.9798603057861	27.6006336212158
27.0914058685303	27.6006336212158
0.984275400638581	26.7462959289551
5.1605224609375	19.2503795623779
15.2624254226685	27.2269077301025
23.9875316619873	18.3753929138184
31.2567653656006	0
0	28.2839546203613
25.0719871520996	25.0489654541016
0.909743010997772	21.5408668518066
5.5579833984375	27.8407478332519
24.0911998748779	13.2807693481445
65.9350891113281	20.7950897216797
30.126485824585	23.2217121124268
0	32.7058792114258
28.3865375518799	19.8494033813477
23.5993690490723	28.2929706573486
0	20.0137767791748
29.1845302581787	28.2478332519531
0	26.2478008270264
0	1.15818333625794
30.7978172302246	23.2217121124268
14.433482170105	0.406957685947418
20.9308338165283	30.2509346008301
36.7676696777344	0
40.4064445495605	0
0	21.3085670471191
0	22.2216091156006
39.1666374206543	12.7426853179932
0	19.3027420043945
28.5150756835937	24.0613479614258
28.6683444976807	29.7445125579834
35.3036956787109	26.2478008270264
13.2255239486694	9.99594688415527
17.1756610870361	20.767297744751
33.259147644043	32.3697357177734
30.8869209289551	0
0	10.5670013427734
2.4567985534668	19.3027420043945
22.9657325744629	7.26438236236572
2.53027009963989	24.0449695587158
27.367057800293	24.6794834136963
13.5303859710693	29.4951171875
20.6697978973389	0
3.76506423950195	13.8002557754517
11.3581666946411	22.7768745422363
0.798709273338318	3.78230142593384
27.2046241760254	35.9308891296387
11.5435905456543	3.47218060493469
0	15.3036508560181
0	18.2560787200928
13.5611877441406	22.5715961456299
2.71692490577698	27.5842189788818
0	18.7603054046631
14.0201759338379	30.6544437408447
12.6405630111694	0
30.9229049682617	24.3104591369629
35.4853248596191	13.9630155563355
3.45542669296265	1.02849411964417
16.1154880523682	4.46960401535034
26.6588134765625	31.8252906799316
27.4930171966553	31.8252906799316
10.4220571517944	13.8002557754517
0	21.8426284790039
0.978455245494842	17.3292598724365
17.6397914886475	8.47222995758057
0	21.6473617553711
22.8512191772461	0
23.7650108337402	0
16.1282539367676	0
34.5941848754883	20.1956081390381
29.8166999816894	13.4143552780151
1.57507610321045	10.3429946899414
27.0277824401855	12.6274185180664
32.7015571594238	12.2470188140869
6.75747680664063	12.9161205291748
0	11.2478380203247
30.5420398712158	9.71681785583496
2.37775945663452	23.9805908203125
0	21.0487747192383
4.5752363204956	2.60184025764465
0.678546190261841	2.18408870697021
14.8660907745361	23.28489112854
38.6591491699219	28.2847118377685
29.6002082824707	17.7474460601807
0	9.20910739898682
2.10970377922058	0
0	24.3849868774414
17.7078952789307	6.72764253616333
8.3808069229126	20.7481155395508
1.72523844242096	24.5375633239746
17.8755569458008	31.1289157867432
1.24275612831116	13.3618297576904
0	30.1764621734619
35.1481590270996	2.20269918441772
32.9667739868164	28.2185153961182
0	0
44.5363502502441	22.5618343353271
33.535083770752	3.32319259643555
0.871562659740448	32.3697357177734
0	23.0126647949219
3.02341103553772	19.0119609832764
27.2101554870606	23.1861820220947
0	26.0491561889648
28.2721920013428	28.0132637023926
0	24.4687824249268
1.07738447189331	19.8494033813477
28.1971378326416	25.384370803833
27.7559375762939	2.42997932434082
14.829607963562	31.109245300293
2.78588151931763	0
0	18.7205753326416
0	11.8670358657837
0.942070662975311	14.1351432800293
28.7237110137939	7.36732959747315
10.8679552078247	27.4961929321289
18.6135864257813	6.74533653259277
4.89966440200806	24.6194705963135
26.0670166015625	0
0.856021463871002	15.3479070663452
35.1993370056152	28.6469631195068
0	12.3760890960693
0	17.0277214050293
16.9776859283447	13.2946710586548
16.2063827514648	19.3549575805664
25.6478404998779	19.3549575805664
0.978999257087708	30.7107162475586
13.5980348587036	5.85342884063721
23.1587085723877	5.85342884063721
11.0133857727051	15.3479070663452
3.86197066307068	15.3479070663452
27.3104953765869	15.3479070663452
0	15.3479070663452
27.3335762023926	15.3479070663452
0.635093033313751	24.6486988067627
11.5846424102783	3.44278049468994
11.1803388595581	15.2797594070435
9.92568778991699	34.1135673522949
29.448112487793	0
30.5199642181396	28.415584564209
6.81747436523438	28.8442687988281
7.55601072311401	22.9620552062988
2.02481436729431	7.79544115066528
3.85180759429932	7.79544115066528
0.287923365831375	10.7111492156982
27.7475090026855	19.8157844543457
4.30144023895264	21.6041584014893
1.23840844631195	11.4042739868164
0	5.42610168457031
49.1651878356934	22.6531944274902
19.542459487915	0.643536567687988
28.6192646026611	19.7759094238281
18.3007373809815	19.7759094238281
26.8967723846435	29.6649894714356
0.854173541069031	29.6649894714356
20.3619689941406	31.5410747528076
32.0817184448242	15.5391492843628
31.81884765625	17.0262908935547
18.3864707946777	14.0357151031494
16.4042797088623	24.3560428619385
18.6585159301758	11.5500869750977
5.36687135696411	11.5500869750977
0	11.5500869750977
10.8947496414185	2.61705446243286
6.39323806762695	32.3820266723633
25.0451908111572	35.3918075561523
27.0711078643799	20.1524658203125
39.0641441345215	20.1524658203125
0	20.1524658203125
0	20.1524658203125
14.0843353271484	12.8444232940674
10.9431924819946	3.20844841003418
0	10.5659608840942
12.336217880249	22.734956741333
30.7880191802978	18.0189990997315
34.7656517028809	23.7903861999512
0	10.6521234512329
0.693600237369537	18.479040145874
0	14.0985870361328
27.1638793945313	29.4346313476562
7.05874061584473	15.822491645813
5.86805200576782	10.5678367614746
0.837838709354401	24.3204936981201
16.0435810089111	3.77817678451538
0	24.0938301086426
4.44135093688965	14.0183382034302
24.0488262176514	18.6769638061523
10.5232639312744	27.8152256011963
1.68743360042572	23.3489246368408
0	18.2440204620361
1.31321573257446	18.2440204620361
0	12.5702238082886
23.6503524780273	18.7250804901123
0	22.355640411377
0	9.95176315307617
0	27.8152256011963
0	11.2926378250122
12.0955801010132	29.5943756103516
33.317211151123	0
15.5991697311401	0
1.42833518981934	5.2722578048706
30.8991584777832	31.8252906799316
24.4023303985596	34.3057250976562
44.9747123718262	25.4141807556152
31.7003536224365	0
0	0
0	12.1832456588745
14.5068912506104	25.4141807556152
12.2708387374878	0
12.9583864212036	9.62273788452148
1.25168573856354	9.62273788452148
12.6772260665894	23.2848052978516
11.541262626648	29.9649314880371
28.9016399383545	0
31.9848251342773	23.9414215087891
4.19708681106567	34.1798248291016
26.7617588043213	20.5159530639648
25.1020736694336	16.085786819458
0	19.7431011199951
2.21675252914429	23.9414215087891
7.66314888000488	0
19.0897312164307	0
29.2037086486816	0
15.6233215332031	23.2848052978516
16.1140251159668	23.2848052978516
0	16.5298404693604
1.40488505363464	15.9242658615112
28.1501998901367	15.9242658615112
1.88068342208862	11.2550458908081
6.92409944534302	26.9999980926514
0	26.9999980926514
7.63860082626343	13.3548440933228
30.8057060241699	17.9498176574707
24.0887470245361	19.3940620422363
42.8635330200195	21.379487991333
47.8260879516602	15.3254289627075
0	15.3254289627075
16.6589756011963	25.7237281799316
21.5008583068848	4.34123468399048
18.8295230865479	12.8146238327026
0	25.7414875030518
0.84416526556015	29.6568698883057
0.844165325164795	0
20.0266647338867	29.6095104217529
12.4421396255493	16.6083641052246
2.75008082389831	16.0700206756592
19.7896022796631	0
0	15.763542175293
3.26265692710876	29.8044281005859
28.4913902282715	26.8952732086182
4.02231550216675	23.5186138153076
37.4357299804687	15.763542175293
0	15.763542175293
0.838118255138397	24.9259757995606
0	22.2876300811768
1.72920429706574	4.03051280975342
23.8947257995606	8.51702976226807
21.9433937072754	30.2221164703369
2.03261137008667	30.2221164703369
0	23.0126647949219
0	30.2221164703369
0	26.9387817382812
8.48642444610596	28.015625
34.6682434082031	17.8975811004639
31.2783622741699	15.157434463501
22.3085784912109	31.0314884185791
0	19.5570888519287
20.7214984893799	19.5570888519287
20.9470920562744	33.0259475708008
0.760632514953613	10.4993743896484
21.2156562805176	6.00047016143799
31.7727813720703	23.1569862365723
39.4291877746582	22.9952087402344
11.4670066833496	8.15881443023682
0.900221586227417	13.7076120376587
23.2374076843262	31.7687187194824
37.3166465759277	31.7687187194824
37.3385276794434	31.7687187194824
4.50901889801025	25.6013603210449
5.25801515579224	25.6013603210449
4.9388837814331	25.6013603210449
0	27.8869132995605
33.5102844238281	28.2298393249512
5.50367212295532	0.844165325164795
39.2040100097656	25.6404838562012
28.3713035583496	24.6794834136963
16.399112701416	21.6706809997559
15.5768737792969	21.046178817749
4.89127969741821	22.6916103363037
5.95321273803711	6.74533653259277
28.2546882629394	32.2815093994141
28.7675800323486	12.1624231338501
0	3.47570872306824
0.464496195316315	12.3665456771851
1.10609722137451	19.7786045074463
0	28.8118305206299
29.1506099700928	26.4061851501465
1.57906198501587	22.2220020294189
2.85708427429199	12.583420753479
6.09860515594482	23.2455558776855
0	20.5933952331543
21.4463424682617	28.8687324523926
6.61844635009766	27.3089179992676
26.6354522705078	32.9221420288086
2.15982508659363	0
0	14.4762916564941
6.07223224639893	4.75586891174316
23.3287334442139	17.1997985839844
0	0
0	30.9565372467041
1.26661932468414	25.7616062164307
15.9838705062866	29.5275897979736
29.6939601898193	19.0119609832764
26.9130859375	27.4841213226318
11.2430648803711	27.4841213226318
0	14.1901063919067
1.36120223999023	27.4841213226318
24.8268051147461	11.0182485580444
11.8389739990234	30.9565372467041
32.400016784668	24.7142505645752
9.61360168457031	3.45542716979981
23.6456604003906	8.88315200805664
24.1875591278076	34.717342376709
0	27.8142147064209
1.96537160873413	16.6650104522705
0.871563076972961	14.7706670761108
0	0.226344347000122
2.13504266738892	4.03051280975342
0.940560579299927	23.1316757202148
28.0417804718018	8.88315200805664
2.40193343162537	12.8943586349487
13.8558320999146	22.7917919158935
14.5262851715088	22.3494720458984
22.1319713592529	1.754674077034
0	14.6503601074219
1.36553311347961	28.4693107604981
1.99549376964569	13.6673097610474
0	9.50074195861816
8.46773052215576	18.3278427124023
0	0
0	0
29.1765651702881	14.1626596450806
10.5434761047363	12.9561271667481
9.91857147216797	27.0166168212891
42.4290351867676	27.8391933441162
25.1943206787109	20.6611957550049
15.7970027923584	31.0590057373047
41.7029075622559	0
30.6011428833008	12.1375675201416
7.89584159851074	22.0968341827393
24.9106750488281	27.6006336212158
3.14178538322449	26.0840702056885
24.7170448303223	10.1053495407104
25.8022079467773	20.4352188110352
21.707820892334	15.0435905456543
38.5577125549316	30.9213047027588
24.3221454620361	23.0053195953369
0	12.3263158798218
11.1327266693115	21.2432270050049
21.1273212432861	18.7941818237305
37.3711204528809	26.7960929870606
23.3400211334229	25.61057472229
0	23.8770980834961
30.2665023803711	23.1575546264648
34.3493919372559	18.8185577392578
0	35.6522331237793
34.4843215942383	32.0118141174316
26.2876815795898	21.0333728790283
5.90186405181885	20.6442317962646
35.232120513916	29.7238235473633
0	27.935567855835
0.544585287570953	11.0308036804199
0	34.0730094909668
16.0299224853516	20.3795757293701
23.3449211120605	26.8017387390137
19.0023498535156	15.5752305984497
1.07339310646057	22.3225345611572
34.4073600769043	15.7646713256836
8.84507274627686	28.6165924072266
7.25527811050415	33.9424324035645
22.3548393249512	28.9491901397705
24.7146892547607	4.84473657608032
30.5117378234863	5.57013511657715
38.0436935424805	6.80790138244629
0	34.9351348876953
6.89905452728272	16.9613666534424
1.06063008308411	30.7466907501221
9.54061412811279	30.0262660980225
29.6920204162598	17.691520690918
21.5201530456543	0
9.97174453735352	27.3337211608887
17.5702323913574	0
6.05787658691406	0
0	4.87775421142578
16.2800693511963	16.8999195098877
0	37.7895965576172
34.5922050476074	17.0523777008057
21.7205486297607	32.8600959777832
1.1102511882782	22.9308967590332
14.1089487075806	27.8437824249268
33.1870651245117	10.4969444274902
32.2598762512207	21.610424041748
0	31.0180320739746
8.4178466796875	33.7320213317871
32.5721435546875	0
13.4383754730225	19.6519641876221
25.117374420166	0
1.54057502746582	23.3175735473633
22.9036540985107	31.7051544189453
29.03564453125	20.9790172576904
2.26531457901001	33.7343902587891
7.37048244476318	21.9737491607666
24.464656829834	29.6616382598877
35.7753067016602	33.5732116699219
8.48666858673096	24.2127265930176
15.107629776001	16.8226585388184
30.8345756530762	23.8330936431885
16.176664352417	25.5436782836914
4.88877773284912	27.5142192840576
14.7023630142212	42.8349723815918
0	0
16.278377532959	30.2113075256348
24.453634262085	18.3146133422852
22.6996078491211	0
36.0195503234863	9.44071483612061
0	15.55774974823
27.5485725402832	12.7139139175415
0	24.5880069732666
0	41.819221496582
0	16.4432678222656
2.5721230506897	1.88697004318237
33.6137199401855	29.653528213501
7.21469497680664	25.2877807617187
18.9705181121826	30.3578662872314
33.8445129394531	11.2211046218872
30.6924324035645	16.3430004119873
12.7452249526978	23.2597370147705
0	46.7753219604492
4.30144023895264	10.8794021606445
19.7255725860596	11.6126470565796
10.0392456054688	21.046178817749
7.58331108093262	41.7507209777832
6.66157674789429	18.1681461334229
0	18.7578296661377
35.467212677002	18.1681461334229
42.9323654174805	27.5592346191406
0.817063510417938	28.1619071960449
11.0045709609985	24.3162345886231
30.7419319152832	31.4012584686279
27.062421798706	30.2050838470459
22.980001449585	28.6110382080078
14.3983068466187	33.9004516601562
22.6492767333984	30.3055610656738
2.57003331184387	12.2596635818481
0	33.9314422607422
29.4425773620606	23.3303184509277
30.5518112182617	31.7703247070312
13.1190166473389	18.7675151824951
14.4215984344482	5.1078372001648
7.32651615142822	14.3107242584228
2.04421424865723	23.248836517334
0	14.2594995498657
26.2932147979736	0
0	0
5.16424894332886	35.6751594543457
12.5344562530518	10.7084980010986
29.8606929779053	22.4051780700684
28.4201202392578	16.1977405548096
17.9389209747315	0
23.0676708221435	0
7.02172040939331	15.3230066299439
0	4.62573528289795
3.85340452194214	18.1065216064453
23.0236644744873	5.59467458724976
35.6980628967285	18.8409595489502
26.9250545501709	0
32.2887344360352	30.5970420837402
22.2672176361084	26.4258289337158
0.822626650333405	0
0	17.3384971618652
0	1.92708539962769
11.7621698379517	20.2240943908691
0	16.3567905426025
24.7045497894287	28.9491901397705
1.84317457675934	21.6763858795166
40.5627326965332	28.2930774688721
11.4405498504639	5.1078372001648
0	26.1203098297119
28.0450935363769	25.4263648986816
17.4779644012451	19.5610694885254
1.64017474651337	13.7644777297974
0.067742899060249	37.4475288391113
25.6997585296631	16.3301296234131
24.7639846801758	11.564600944519
15.2278642654419	30.8022155761719
0	29.5917835235596
0	30.3809280395508
9.4342212677002	6.70637607574463
20.2257766723633	23.6315193176269
33.5428924560547	19.3687000274658
5.84070491790772	0
20.839822769165	15.7605705261231
17.8688354492188	7.54077577590942
0	33.6351699829102
23.4156951904297	21.9882850646973
35.0572929382324	35.1875801086426
0	19.8624515533447
0	17.3658943176269
0	25.2086238861084
0	19.6364841461182
19.2863578796387	36.6722831726074
27.8040103912353	22.6176166534424
5.89686679840088	16.822624206543
15.0753383636475	7.88450813293457
35.8492698669434	20.8910713195801
0	10.4380521774292
2.98557734489441	20.499547958374
0	0
23.6069297790527	27.126766204834
2.66990542411804	1.88697004318237
0	12.3790245056152
23.8973197937012	15.1114072799683
13.1612796783447	17.9803714752197
0	3.83453869819641
14.8228778839111	3.88459324836731
2.40568256378174	13.7684011459351
28.9025230407715	33.5732116699219
0.906511783599854	8.02715682983398
0.88994687795639	26.2734088897705
2.54024243354797	11.3012037277222
11.1920671463013	30.5587882995605
11.4448337554932	30.5587882995605
9.52133178710938	31.7999267578125
27.7054653167725	19.2079467773437
11.5566320419312	26.1840000152588
1.0760223865509	29.6915264129639
1.218670129776	27.8008289337158
0	3.39834451675415
1.43992984294891	19.0965824127197
2.50093364715576	33.5254859924316
34.2790641784668	19.8262004852295
26.2007713317871	20.1805381774902
21.2826156616211	28.3306884765625
2.59635090827942	23.2910823822021
25.8168430328369	26.7210216522217
0	31.2896308898926
13.5126791000366	32.1633491516113
1.23840963840485	35.128231048584
38.5573310852051	21.5027275085449
0	21.5027275085449
6.81418228149414	0
16.9721431732178	23.2675285339355
0	21.9737491607666
0	28.9345035552979
32.6637649536133	4.57457304000855
15.807469367981	29.8528461456299
17.1774883270264	5.1078372001648
1.19181787967682	6.33436441421509
9.12801742553711	19.0504322052002
0	32.1192932128906
19.6841526031494	0
12.2505187988281	5.12247943878174
7.14947509765625	6.07642030715942
7.15881729125977	37.4935073852539
16.6149196624756	37.4935073852539
0	7.56895923614502
32.4291534423828	27.6255321502685
6.17242193222046	5.43128061294556
40.6894073486328	23.6972332000732
3.12121510505676	5.00063419342041
0	1.26668119430542
35.2220687866211	0
0	1.52524161338806
34.8257598876953	22.3447647094727
1.84361922740936	0
47.6393280029297	30.6158332824707
0	27.7070446014404
0	27.0253734588623
6.01330423355103	32.6397590637207
0	25.4726715087891
19.2249183654785	11.949122428894
14.7029314041138	7.97701787948608
19.2318439483643	7.22756147384644
16.242301940918	11.949122428894
37.016960144043	31.8670482635498
37.9088249206543	31.9770946502685
2.02481484413147	29.8642082214355
1.68743312358856	30.9269027709961
0	23.6828441619873
0.760631859302521	19.9234561920166
0	31.7456073760986
25.8579826354981	30.9269027709961
3.68658351898193	23.3037490844727
0	6.8918948173523
0.798709273338318	19.2620964050293
0	21.2785263061523
1.5226035118103	24.4355373382568
0	16.2598094940186
11.3142547607422	8.01314353942871
9.23551464080811	0
0	35.865177154541
13.9602766036987	29.9593715667725
12.1087436676025	30.9211463928223
22.7796325683594	26.5231742858887
17.4851818084717	0.762127697467804
32.998607635498	24.5193004608154
19.4155197143555	20.6356239318848
22.7356128692627	16.6406745910645
28.4383544921875	12.0099201202393
22.5517272949219	0
31.3215179443359	12.903920173645
24.5118732452393	0
29.5450019836426	2.67672181129456
10.9243640899658	33.3463401794434
9.53245830535889	24.0199146270752
51.5007476806641	27.1264305114746
0	29.2106437683106
18.1753578186035	31.1442813873291
2.63622117042541	27.3194427490234
16.3227043151856	17.3602104187012
20.7392234802246	16.7432022094727
27.7066020965576	18.3012104034424
7.72437572479248	13.0876007080078
0	18.3012104034424
0.230957582592964	15.89000415802
31.1759662628174	15.80579662323
0	7.3993673324585
10.9677276611328	1.00382709503174
19.0310173034668	14.7117738723755
15.0261926651001	13.0876007080078
0	11.1253147125244
31.7134437561035	14.7117738723755
6.73848295211792	12.2652101516724
32.3486328125	18.3012104034424
14.5742845535278	12.0255537033081
10.4771661758423	13.0876007080078
0.6347975730896	0
33.2856636047363	37.224967956543
12.0848045349121	16.7585983276367
30.1484432220459	17.9253978729248
7.08792781829834	32.2080535888672
19.240592956543	20.2277011871338
21.3262844085693	30.1927146911621
28.0415534973144	35.0258560180664
0	30.2113075256348
16.9876708984375	27.1972351074219
29.7591457366943	11.323860168457
4.94788789749146	7.3993673324585
20.1048927307129	34.760139465332
7.63197040557861	23.001443862915
28.5656337738037	23.001443862915
9.95340728759766	5.10106229782105
34.4307250976563	18.7832164764404
0	18.7832164764404
0	18.7832164764404
0	0
3.11773300170898	22.5733509063721
30.6946048736572	32.577808380127
23.5848121643066	36.4602890014648
29.2708683013916	33.1585884094238
0	23.5362396240234
6.36156988143921	34.2932968139648
0	34.7148895263672
32.7954711914062	34.7148895263672
1.26662135124207	32.577808380127
21.6785392761231	35.0365028381348
0	27.4968967437744
1.31321537494659	32.577808380127
27.4866409301758	32.4679489135742
0	25.6013603210449
22.9342288970947	27.528980255127
0	41.4203262329102
7.16088390350342	6.36639070510864
12.837119102478	27.4964179992676
20.7404499053955	34.8154067993164
16.7540760040283	27.1043376922607
1.52601945400238	0
27.0889148712158	23.001443862915
8.48892021179199	10.6463670730591
26.4425258636475	0.321615159511566
0	32.8017501831055
32.3478126525879	20.302864074707
21.3350620269775	20.302864074707
2.92983412742615	8.82337474822998
39.3836059570312	0
27.707555770874	0
0.506167471408844	13.4608688354492
0.954792857170105	21.9405918121338
4.50787448883057	0
0	19.6112823486328
13.1053218841553	18.3535881042481
0.905020594596863	17.3190975189209
36.9296569824219	28.4139919281006
13.5169477462769	28.6350250244141
0	15.771014213562
29.4640922546387	15.5356798171997
5.24610614776611	17.9498176574707
37.9830207824707	19.5441303253174
48.4429130554199	23.6431007385254
26.0057067871094	23.6431007385254
19.5505332946777	17.5459976196289
0	22.2785167694092
2.6972074508667	29.2515392303467
1.08554029464722	21.8906745910644
0	21.3530216217041
0	0
2.8340220451355	10.2479267120361
0.798709273338318	22.1454277038574
1.49304294586182	21.8026218414307
28.7268905639648	25.0757541656494
18.0525131225586	10.5804195404053
16.3309898376465	22.187894821167
10.4114284515381	0
1.1918181180954	6.76946783065796
3.60812592506409	6.76946783065796
27.3032875061035	19.7253379821777
16.3799552917481	30.5381507873535
1.33105933666229	25.5056114196777
19.8845119476318	26.3355503082275
18.197624206543	20.2121067047119
2.70362734794617	20.2121067047119
0	0
0.63977837562561	19.5969276428223
30.8310375213623	0
16.5938854217529	0
0	25.4749717712402
13.8566474914551	29.8342666625977
29.9630966186523	1.38964366912842
7.49172067642212	24.7522964477539
14.0422372817993	16.8802108764648
27.4386558532715	15.3454875946045
29.8890380859375	29.8348789215088
28.4874515533447	20.5320587158203
24.2153568267822	15.3454875946045
2.73401522636414	8.05362319946289
0.555675268173218	21.954662322998
26.072624206543	33.4791641235352
30.8452262878418	12.3790245056152
0	29.8348789215088
0	23.3630924224853
34.6463928222656	12.3383293151856
15.81689453125	12.4307079315186
0	29.6133689880371
7.43212842941284	21.4873580932617
9.18608093261719	0
23.1370353698731	22.0241737365723
33.2913475036621	23.8208694458008
5.80204629898071	26.2456741333008
17.7448749542236	18.7186832427979
35.1652297973633	26.2456741333008
0	10.3827085494995
0.830203533172607	23.3630924224853
27.4957942962646	15.4837284088135
14.3963432312012	17.7619552612305
0	24.3189182281494
23.7941875457764	0.763978600502014
6.70012331008911	20.3511695861816
0	17.344856262207
0	21.2687473297119
4.48698663711548	0
31.9343681335449	0
2.15686917304993	1.61524057388306
0	20.6356239318848
0.830821216106415	4.90052318572998
0	24.1773319244385
0	28.8230419158935
0.755752682685852	12.3349618911743
0.638899147510529	15.6511631011963
0	28.4489936828613
15.8637952804565	11.6754379272461
0.901799380779266	29.8658580780029
18.5091876983643	8.94760799407959
31.5482559204102	1.61439120769501
0	15.771014213562
0	1.81016933917999
23.1837501525879	30.8586044311523
23.1465072631836	37.1087875366211
5.27128410339356	33.9592781066895
0	20.3269462585449
2.53538751602173	14.0051679611206
0	27.0698051452637
0.818198442459106	27.0698051452637
1.2384090423584	20.7975807189941
13.6487188339233	2.26296329498291
0.6429523229599	0
20.6885890960693	16.9379196166992
32.3362236022949	16.0747814178467
33.6641960144043	0
0	8.7311954498291
29.2885761260986	21.5944309234619
2.94008445739746	1.10844552516937
32.4447441101074	21.5609493255615
10.4827384948731	24.8771934509277
0	28.7553024291992
1.2450932264328	26.6759586334229
2.13275098800659	3.88944411277771
25.4359035491943	32.0986175537109
0	0
2.9839460849762	28.7553024291992
12.91881275177	0
1.26662135124207	22.142370223999
14.4555234909058	10.4505977630615
0	34.2089385986328
0	24.8771934509277
0	26.1188278198242
2.77346897125244	34.8693161010742
29.6739025115967	18.7693138122559
0	21.5609493255615
1.72964298725128	30.1033363342285
0	34.8693161010742
24.6906032562256	16.1524868011475
0	9.93561840057373
1.88068556785584	34.1436080932617
1.03860521316528	26.6369018554687
27.8906211853027	25.6593399047852
36.1504707336426	31.0616321563721
16.461763381958	0
25.8984642028809	0.493340849876404
0	20.5962696075439
6.71038055419922	28.081428527832
2.92160177230835	27.8614521026611
30.6026668548584	25.0988712310791
16.7484226226807	21.6364421844482
8.24665069580078	26.8087787628174
13.6462554931641	21.5032367706299
2.0562219619751	26.8087787628174
0.893648862838745	21.5032367706299
0	7.08299589157105
23.3887462615967	6.80395412445068
35.7245788574219	25.5578384399414
0.927179932594299	25.3923263549805
21.0028648376465	23.7403202056885
28.8544979095459	30.7248344421387
2.10972905158997	12.3226222991943
23.1702365875244	0
9.05413627624512	19.6299667358398
1.1918181180954	30.1717739105225
12.545506477356	15.9534387588501
3.13611316680908	31.9103946685791
22.6275844573975	24.3560428619385
1.7081788778305	12.9563055038452
26.2483005523682	11.1784439086914
1.7349956035614	11.1784439086914
24.7245807647705	34.0589904785156
0	21.6041584014893
11.1047258377075	12.3423271179199
33.3715400695801	27.9162559509277
3.17624044418335	7.49186611175537
21.6381206512451	20.2301959991455
2.97311019897461	29.6649894714356
18.3451671600342	29.6767311096191
13.8459396362305	26.0211811065674
3.88829493522644	21.5503787994385
0	28.4139919281006
0	28.4139919281006
18.4483261108398	29.3593940734863
0	27.0550575256348
13.7765607833862	0
14.8212614059448	8.52468204498291
19.4795207977295	20.275671005249
23.7337951660156	20.8496551513672
3.04713749885559	14.4488620758057
26.9617500305176	0.957410752773285
0	25.2431907653809
2.57427334785461	13.4396686553955
18.755802154541	21.1864242553711
9.91391277313232	26.5836029052734
6.01144218444824	30.4399948120117
0	11.8668508529663
0	33.8593978881836
22.0552787780762	24.8586578369141
1.88068556785584	29.5155601501465
3.99315619468689	0.901799380779266
32.4318313598633	19.1143074035645
2.28440833091736	15.4580116271973
30.2134265899658	20.5874691009521
1.11024928092957	23.1450672149658
1.6438661813736	15.9854688644409
0	15.9854688644409
16.1189155578613	15.9854688644409
28.5053310394287	1.85303246974945
1.06063008308411	19.2522583007813
15.8179216384888	11.9658365249634
7.39624881744385	20.2502136230469
0	7.76330995559692
11.7430715560913	17.8309345245361
0	20.2502136230469
16.0863227844238	20.7606010437012
0	23.3807544708252
7.28903436660767	27.6131381988525
20.1354885101318	15.2283983230591
0	13.8497409820557
20.5655937194824	12.3423271179199
33.8018989562988	12.3423271179199
32.4169502258301	15.5391492843628
17.6709117889404	0
6.73646306991577	15.5391492843628
0	15.5391492843628
20.3845901489258	15.5391492843628
25.2953586578369	24.5785579681396
17.8571662902832	24.5785579681396
2.79937410354614	31.1597003936768
61.2374000549316	18.185079574585
1.1172399520874	16.3593997955322
32.7628288269043	15.4174776077271
0.048553634434939	22.2833862304687
17.7457675933838	18.185079574585
13.0912971496582	15.4174776077271
0	18.185079574585
27.1978645324707	0
0.760630607604981	15.3254289627075
1.06250810623169	15.3254289627075
33.9538726806641	5.16102361679077
6.51826572418213	0
31.9553089141846	15.4174776077271
0	16.6060829162598
32.7843551635742	16.8901424407959
0.92710417509079	28.6066722869873
34.2498588562012	16.3738307952881
0	24.6194705963135
6.95714282989502	6.237389087677
16.9056262969971	6.237389087677
0	18.9419612884521
4.93773698806763	17.9875011444092
0	24.4380664825439
14.4647979736328	18.9419612884521
1.06035852432251	20.4736461639404
41.1673011779785	20.4736461639404
37.7445297241211	15.2043342590332
22.0408115386963	12.1041793823242
1.70596957206726	25.1832485198975
6.66161489486694	0
20.6996173858643	24.4380664825439
31.346019744873	24.4380664825439
14.6144828796387	24.7517623901367
16.4906787872315	19.6357402801514
2.39588451385498	19.3662776947021
16.5109901428223	29.2172145843506
20.3394966125488	24.7734432220459
0	10.5286092758179
15.4756298065186	24.4380664825439
12.8560152053833	0
0	29.2172145843506
27.3638706207275	29.2172145843506
30.1784324645996	29.2172145843506
17.6730270385742	19.3662776947021
8.99911975860596	19.3662776947021
0	24.7734432220459
0	24.4380664825439
2.69913530349731	9.2227668762207
7.35687255859375	19.3662776947021
34.6494979858398	26.145751953125
0.954793334007263	24.7517623901367
0	24.7517623901367
0	12.7649621963501
0	17.0969276428223
20.3296432495117	25.807689666748
27.2158374786377	12.7649621963501
0.165660351514816	12.7649621963501
55.004020690918	8.92086124420166
33.2001304626465	26.7905902862549
1.39220857620239	19.3775863647461
26.7774658203125	29.9700584411621
32.0450401306152	0
1.96537172794342	14.544527053833
8.09158992767334	27.6380310058594
0	14.544527053833
10.5863180160523	14.7297267913818
10.2667474746704	25.5758762359619
20.4577960968018	7.0160059928894
0	9.61528873443604
33.5852584838867	29.9700584411621
10.6669521331787	27.6380310058594
8.41651725769043	5.64135885238647
27.4074287414551	5.64135885238647
15.9399614334106	27.3484153747559
11.4830675125122	29.9700584411621
0.158716171979904	21.790678024292
26.3035564422607	20.225154876709
0	26.7905902862549
0	26.7905902862549
18.1756591796875	26.7905902862549
20.3178863525391	26.7905902862549
21.2155494689941	26.7905902862549
5.19796276092529	19.3775863647461
26.0253620147705	32.9723739624023
35.6837043762207	32.9723739624023
6.36910724639893	23.7903861999512
0.92718094587326	23.7903861999512
31.3882312774658	14.2594995498657
1.42584240436554	0
1.30244660377502	0
0	24.5729274749756
30.8135814666748	28.4623565673828
20.5882816314697	21.2804145812988
24.7108497619629	17.7824954986572
25.3798980712891	15.2033729553223
0.599045932292938	35.0365028381348
0	35.0365028381348
25.6166667938232	33.9424324035645
22.5610218048096	16.7877597808838
0	14.5732431411743
0	25.4590721130371
28.7668724060059	27.1144123077393
33.8194923400879	20.7397136688232
34.2754821777344	19.9737091064453
0	17.0814762115479
0	12.4637241363525
20.0730953216553	5.72521924972534
36.2803382873535	25.9633483886719
10.1503648757935	14.5369281768799
6.81712818145752	1.27948832511902
36.2162551879883	18.0313091278076
0	13.0488395690918
12.2088928222656	26.3136730194092
1.22593724727631	0
0	1.81659996509552
19.5413722991943	0
29.2901573181152	26.9226760864258
1.45383501052856	7.90359497070313
1.15671646595001	33.4292068481445
12.2157392501831	12.3349618911743
0.82009619474411	28.550386428833
2.1407151222229	29.708963394165
3.14138150215149	19.0349674224854
25.7891159057617	36.6021499633789
1.19181787967682	18.7603054046631
18.3378505706787	17.7332763671875
17.8709259033203	17.3769035339356
3.53887629508972	16.7499713897705
0	24.293514251709
27.2131271362305	15.0332460403442
28.0671558380127	14.3957195281982
0	23.1502342224121
0	34.3070030212402
13.9188385009766	23.0386638641357
5.15880727767944	23.0386638641357
16.915922164917	16.7499713897705
23.6267528533935	19.6112823486328
22.7964420318604	0
0	0
4.98957395553589	9.50279331207275
35.0316734313965	0
18.8201026916504	10.1229391098023
16.1759395599365	10.1229391098023
20.4887828826904	0.632429659366608
9.01303482055664	13.7911329269409
9.37955951690674	24.1410789489746
0.850338995456696	6.74533653259277
11.624755859375	2.36496782302856
18.9603614807129	2.36496782302856
24.6046028137207	2.36496782302856
0.862535238265991	2.36496782302856
31.547607421875	19.8699245452881
0.916953146457672	12.0255537033081
30.736795425415	17.2851696014404
26.1258430480957	19.4458522796631
0	13.6733798980713
44.9799346923828	18.7523670196533
0	14.729679107666
15.3240346908569	18.5290641784668
18.4575634002686	25.4841785430908
21.0174407958984	24.8780555725098
30.3860397338867	0.187004283070564
20.9306583404541	32.7239379882812
25.1246395111084	23.4324531555176
0	27.4187831878662
14.1883296966553	0.275409013032913
34.6883201599121	37.0874404907227
24.449743270874	6.46649265289307
34.599739074707	15.6375551223755
28.3277320861816	24.8780555725098
0	11.809871673584
19.2838172912598	4.67751884460449
0.937140464782715	31.4346809387207
32.4437141418457	18.6402893066406
4.65125417709351	17.0778179168701
22.8153419494629	23.9893264770508
0	0
43.1823997497559	20.5903644561768
25.1716594696045	33.7343902587891
1.39626860618591	33.5816421508789
31.4292945861816	15.3600187301636
0	27.7174224853516
28.5885143280029	5.10106229782105
0	17.985803604126
5.81872797012329	28.8724212646484
13.2401161193848	28.3574066162109
14.2953243255615	28.3574066162109
22.5819778442383	26.2955017089844
0	31.132173538208
0.048445474356413	21.1546020507812
2.57207441329956	13.658501625061
35.3150672912598	37.0584907531738
33.0106010437012	23.7234706878662
2.97258734703064	16.3388271331787
17.8005847930908	0
2.37469172477722	22.7961273193359
0	37.520881652832
27.003532409668	38.8928375244141
21.2232418060303	32.7538261413574
13.6105632781982	8.40467166900635
25.2594566345215	17.1642074584961
6.97495603561401	3.29277348518372
24.514949798584	37.0584907531738
32.8729286193848	26.8087673187256
33.197624206543	10.0443458557129
32.5905609130859	15.0811729431152
0.557187616825104	32.2393989562988
0.937474489212036	24.3231430053711
21.4761333465576	0.090778462588787
21.785514831543	22.1255912780762
0	17.0165596008301
31.9580993652344	19.6133346557617
30.005578994751	0
1.92437601089478	19.4442920684814
6.81437015533447	15.4270858764648
12.2041997909546	26.5315856933594
26.5937900543213	24.8780555725098
0	32.4671440124512
0	40.7901077270508
0	18.7675151824951
0	18.7675151824951
0	18.7675151824951
27.7242012023926	26.5470085144043
18.7933902740479	24.5919780731201
0	27.879451751709
29.9081878662109	15.2797203063965
16.1919231414795	0.549221336841583
10.7888383865356	24.408613204956
23.6297454833984	24.8184432983398
21.4871501922607	26.4287548065186
14.6051445007324	18.7001323699951
25.8785438537598	26.4287548065186
12.5019044876099	1.6058292388916
11.2149429321289	24.8432731628418
21.1770362854004	32.2244606018066
30.3856544494629	18.7693138122559
15.3134536743164	22.2758655548096
24.8677959442139	14.4303541183472
3.13391518592835	1.74105179309845
9.19962501525879	22.4769077301025
0.831424534320831	25.3401889801025
29.2291851043701	34.5028495788574
14.8675737380981	18.1800518035889
17.9970722198486	22.4769077301025
17.3214931488037	18.3954620361328
0	23.9294834136963
0	40.9616050720215
10.9302530288696	26.816837310791
45.8384094238281	28.7963237762451
30.3751316070557	18.9406814575195
26.1609210968018	19.7255325317383
11.3247547149658	14.0985870361328
0.871562242507935	2.07613611221314
0	0
17.212329864502	19.7943954467773
31.7820835113525	12.9306650161743
0	11.9905118942261
42.1857032775879	0
0.050446890294552	0
0.215599447488785	13.4234991073608
36.3274612426758	3.29277348518372
1.86584258079529	3.03494501113892
14.6480312347412	12.3896961212158
0.095433287322521	26.4287548065186
0	26.4287548065186
8.09264278411865	21.777006149292
0	22.4852275848389
23.1419010162354	12.4920043945313
20.6612148284912	21.2163696289062
35.573902130127	10.8979139328003
2.40689134597778	10.6660451889038
29.1267623901367	24.908504486084
0.306950926780701	24.908504486084
0.739517092704773	31.0579204559326
0	22.8988208770752
22.3087310791016	23.6331233978271
0	33.0158462524414
0	26.4106063842773
14.1176376342773	33.2941856384277
24.2804470062256	27.4287929534912
25.4130516052246	15.1774835586548
15.8004236221314	35.8078804016113
7.97786617279053	35.8078804016113
9.72102069854736	17.2087593078613
26.8219394683838	28.3574066162109
0.906513154506683	28.3574066162109
0.642952382564545	25.4583930969238
0	19.3775863647461
10.7707872390747	19.3775863647461
0	32.9368667602539
42.865650177002	21.183557510376
24.1198654174805	0
9.16840648651123	18.2560787200928
26.4342441558838	18.2560787200928
0	27.8142147064209
20.9450187683105	22.5897617340088
0	18.0983848571777
21.960958480835	0
0	7.75507164001465
1.01752293109894	16.0262584686279
19.1150169372559	23.6902198791504
31.4979572296143	27.8121147155762
30.5624008178711	14.5069427490234
25.4583930969238	23.482702255249
18.314151763916	31.9831466674805
24.8787460327148	31.9831466674805
0	9.43996143341064
33.7248039245605	17.4856910705566
26.2392616271973	22.6438426971435
40.6068992614746	18.6149291992188
25.0847206115723	22.4852275848389
2.49449920654297	36.2100601196289
15.8079299926758	5.53549861907959
17.2341709136963	27.135498046875
19.3658828735352	27.135498046875
15.6875877380371	17.69508934021
4.88011837005615	20.7073173522949
35.8380851745605	27.135498046875
19.0775165557861	17.344856262207
0	20.9569911956787
14.2753553390503	17.344856262207
27.5205821990967	17.344856262207
0.543364465236664	17.344856262207
0	17.344856262207
0	0
0	19.2496719360352
28.5251903533935	12.7740612030029
28.2709369659424	31.1667823791504
4.34343862533569	15.3949022293091
0	18.3204917907715
19.8911819458008	22.7817287445068
35.8135528564453	28.2527580261231
0	8.36053276062012
10.7507944107056	8.36053276062012
28.1218719482422	8.36053276062012
0.725096225738526	10.5644159317017
16.3657417297363	21.7703323364258
15.3577270507812	21.8426704406738
8.66761684417725	15.1327438354492
15.1641397476196	27.2418193817139
8.74457931518555	20.6664123535156
0	12.4306650161743
47.7782821655273	13.0876007080078
0.862363994121552	7.3993673324585
1.08478045463562	12.4306650161743
0.829823970794678	10.9603652954102
28.0500392913818	10.9603652954102
37.3883285522461	7.3993673324585
32.767261505127	13.0876007080078
0	12.2652101516724
0	12.4306650161743
0	11.1253147125244
0	7.3993673324585
0	25.6423435211182
17.9890575408936	18.495626449585
25.6120281219482	0
20.4403305053711	0
0	11.9746427536011
0	19.8836307525635
19.700138092041	22.321310043335
0	19.8836307525635
23.9590034484863	19.8836307525635
32.8350105285645	11.9746427536011
13.3256921768188	18.9084720611572
1.53337323665619	4.56740093231201
11.2816486358643	12.4306650161743
7.15633964538574	31.7625293731689
28.2822113037109	0
14.4957408905029	0
32.5318756103516	7.24703121185303
0	22.2560119628906
0.015124604105949	22.2560119628906
41.3074951171875	0
1.69628810882568	4.33412027359009
27.9291076660156	13.9537134170532
17.1891937255859	14.1338310241699
7.00854444503784	4.05596971511841
0	14.2754573822022
25.0070972442627	25.136661529541
0.854173541069031	3.32515144348144
30.2113132476807	30.9246292114258
18.2767086029053	30.9246292114258
23.3200168609619	30.0632476806641
32.2331314086914	0.89559143781662
1.26661932468414	28.5746402740479
16.5978145599365	22.5616436004639
33.1064338684082	22.5616436004639
1.62522971630096	22.5616436004639
30.0669040679932	22.5616436004639
6.76834774017334	25.8039035797119
34.4455490112305	25.8039035797119
27.8996086120606	22.7768745422363
14.6194181442261	8.13371181488037
20.196798324585	8.13371181488037
32.0135765075684	14.8936700820923
0.201037213206291	22.4153270721435
1.06035900115967	0
6.92219686508179	21.7351264953613
11.0115489959717	8.69906616210938
2.59995436668396	21.3542137145996
22.3454990386963	8.69906616210938
6.30876302719116	38.6476669311523
0	38.6476669311523
20.0569534301758	38.6476669311523
0	38.6476669311523
3.14231634140015	29.7999458312988
55.4582672119141	29.7999458312988
1.03682923316956	29.7999458312988
0	24.574333190918
1.23840916156769	20.0320224761963
24.5323467254639	22.4420928955078
14.3478899002075	21.6488704681396
14.2276382446289	20.0320224761963
0.909743368625641	26.9995365142822
27.8672885894775	29.5544910430908
20.0930042266846	17.3419799804687
0	15.6510486602783
2.13512539863586	19.3752918243408
3.71378946304321	0.669871330261231
20.6135807037354	7.34754133224487
0	7.34754133224487
4.54279184341431	0
36.1136779785156	16.4315223693848
19.8159027099609	27.1324977874756
18.799488067627	10.9551486968994
0	20.2411308288574
7.34718132019043	20.2411308288574
10.9748363494873	7.21737337112427
6.93257761001587	7.21737337112427
7.66943454742432	7.21737337112427
12.4147624969482	24.5835399627685
19.2282485961914	24.5835399627685
0	24.5835399627685
17.3242492675781	24.5835399627685
26.8450317382812	26.3527297973633
16.1039333343506	26.3527297973633
41.6123657226563	14.1901063919067
1.46915757656097	13.8745517730713
28.2169322967529	28.8958129882812
0	20.8636932373047
23.3396434783935	0
20.660041809082	0
34.1657524108887	14.2464590072632
32.9499588012695	12.4505195617676
31.1460590362549	13.9324684143066
1.2007395029068	19.5896911621094
18.6594161987305	23.8589687347412
10.7542123794556	38.6476669311523
34.0967254638672	0
0	33.8324127197266
3.48983836174011	5.47777843475342
0	26.6710319519043
16.8797016143799	19.7302398681641
0	14.7117738723755
0	9.44997882843018
0	56.0505676269531
29.5253829956055	9.43729591369629
0	21.2521171569824
20.8169479370117	12.7006607055664
5.01774883270264	12.4306650161743
31.4290294647217	25.4749717712402
23.9738178253174	25.4749717712402
25.1668128967285	29.0115203857422
33.1794662475586	20.3820343017578
0.760073125362396	20.8738918304443
22.8832874298096	0
31.3831558227539	17.7891006469727
3.16994547843933	3.76978754997253
20.8348217010498	15.2375202178955
0	14.8729066848755
0.954793512821198	3.99811363220215
1.12066221237183	3.88459324836731
0	21.6532306671143
0	23.3808670043945
17.234697341919	17.7490501403809
1.39323341846466	25.384370803833
0	23.3855037689209
11.8423442840576	24.8752574920654
23.9302597045898	28.8658180236816
0	18.7677669525146
25.76589012146	18.7677669525146
20.556489944458	26.694034576416
0.514556705951691	0
4.58051919937134	22.8716087341309
15.3721570968628	8.99360752105713
16.3004379272461	6.21200180053711
12.6852025985718	8.99360752105713
21.139274597168	26.9289608001709
0.579481184482575	0
0	0
0	0
36.3393325805664	19.6433506011963
6.37991571426392	24.8867492675781
0	12.7635688781738
2.01036858558655	12.2297525405884
0	16.8941192626953
15.6467571258545	21.8730716705322
9.78608989715576	28.3204002380371
26.1136207580566	2.00755310058594
21.6380634307861	26.7552623748779
2.212566614151	31.0616321563721
11.0272970199585	0
34.2277412414551	19.8806877136231
35.8438491821289	31.0616321563721
28.5012912750244	31.0616321563721
31.7021579742432	31.0616321563721
22.961935043335	33.069206237793
1.5405740737915	29.4763488769531
3.25838088989258	32.7433662414551
0.694957137107849	27.4474925994873
1.19181847572327	15.7396860122681
7.86712694168091	31.0616321563721
1.55068409442902	31.0616321563721
17.8792819976807	31.0616321563721
19.9941253662109	0
33.9032211303711	0
3.90553569793701	18.0431327819824
0	26.1131076812744
25.6425304412842	2.37281894683838
15.8017625808716	22.2526912689209
0.844165325164795	16.914758682251
0.82191276550293	27.4474925994873
31.1437644958496	14.7110786437988
5.58044862747192	0
0.844165205955505	20.9790172576904
20.525463104248	24.4767169952393
22.538688659668	21.6131477355957
11.8510828018188	14.8763637542725
0	0
2.75701284408569	11.2588443756104
24.6651992797852	11.2588443756104
30.5436325073242	18.6656055450439
28.922082901001	0
36.0993690490723	26.6271324157715
32.591854095459	20.3224773406982
27.2745475769043	19.6433506011963
28.9599304199219	19.6433506011963
30.9946250915527	2.42997932434082
13.0440587997437	21.50514793396
28.800802230835	33.6853713989258
34.4180335998535	26.9999980926514
0.50034236907959	26.9999980926514
20.3778686523437	0
27.8358211517334	20.5159530639648
0	0.822170317173004
35.7174835205078	20.5159530639648
0	25.0542182922363
0	20.5159530639648
13.5708961486816	29.5273361206055
2.98890781402588	13.9640474319458
0	27.7354145050049
2.07882022857666	29.0724697113037
25.736083984375	16.5298404693604
34.5280647277832	28.7916316986084
23.3493633270264	28.7916316986084
0	28.7916316986084
0	0
0	0
53.236156463623	16.7476825714111
29.6181106567383	26.1744747161865
21.4086837768555	26.1744747161865
30.6273002624512	8.34702682495117
18.9353580474854	5.49090528488159
17.1632118225098	14.6725873947144
18.3638496398926	16.7476825714111
30.3462524414063	20.5632915496826
20.2686634063721	20.5632915496826
9.08634185791016	23.9699897766113
5.25684022903442	26.8087787628174
38.4420738220215	13.6089572906494
0	32.1071891784668
0.671525180339813	31.8670482635498
5.0865159034729	26.513090133667
1.11233460903168	11.1817579269409
0	16.5659637451172
0	0
20.6202335357666	32.3820266723633
35.5607223510742	31.0091323852539
0	28.5416793823242
27.7234611511231	27.0897521972656
19.5489101409912	33.6853713989258
26.4469165802002	27.4496421813965
30.5808773040771	31.1454830169678
0.590357542037964	18.9896183013916
32.8665390014648	32.1397247314453
0.838118255138397	0.957410752773285
0.808858215808868	31.3965320587158
28.5696105957031	2.27464818954468
4.66421318054199	25.6781139373779
0	28.8871612548828
41.007495880127	28.5416793823242
3.45542716979981	28.5416793823242
29.1848220825195	16.5659637451172
10.2543258666992	13.9640474319458
21.365026473999	13.9640474319458
18.6473541259766	24.8783836364746
25.4524040222168	22.9106349945068
21.3829040527344	26.8087787628174
10.3267583847046	28.6778507232666
0	7.08299589157105
9.10136032104492	14.2764625549316
11.657621383667	22.7507171630859
0	23.8156909942627
0	18.6339282989502
20.3881855010986	43.0051879882813
30.7229671478271	5.09029483795166
21.2806282043457	25.2465801239014
2.48240900039673	21.5032367706299
0	21.6918296813965
24.7498321533203	25.2594757080078
30.2795715332031	24.7767677307129
44.3933639526367	27.1940250396729
0	19.0066223144531
0.871563076972961	22.3723316192627
28.0834121704102	31.407772064209
15.5294141769409	26.7801036834717
5.72885894775391	27.0536766052246
0	5.09029483795166
0	20.8033695220947
4.16507291793823	24.6933307647705
0	5.09030389785767
2.23600029945373	19.625114440918
28.9120311737061	20.5320587158203
20.8808631896973	27.8152256011963
14.6945943832398	22.0359497070312
1.49304211139679	27.8152256011963
0	27.8152256011963
28.3110084533691	0.516249120235443
0	9.6588077545166
9.18693923950195	23.8599414825439
33.4708251953125	14.0183382034302
4.39572238922119	31.5452251434326
3.79538488388061	20.3708324432373
2.03261137008667	7.49078941345215
0	23.8599414825439
4.6916618347168	39.8734436035156
7.86248445510864	39.8734436035156
15.3533096313477	39.8734436035156
7.0189790725708	39.8734436035156
0.329267054796219	5.830810546875
13.2544660568237	1.16441679000855
3.64711022377014	18.0189990997315
13.0772638320923	19.7639179229736
3.1535861492157	26.0399379730225
21.7848873138428	31.5452251434326
1.31665945053101	31.5452251434326
36.359992980957	31.5452251434326
0	29.4873657226562
49.2356681823731	17.0969276428223
20.1197319030762	14.9897689819336
9.54721450805664	16.3703308105469
29.202730178833	11.9324045181274
0	11.9324045181274
30.2643241882324	19.7129859924316
26.5511035919189	21.790678024292
26.671516418457	26.0399379730225
13.3512287139893	32.9723739624023
11.3013525009155	24.5994434356689
29.5351696014404	7.64020872116089
27.3902568817139	24.5994434356689
0	31.0616321563721
0	0
25.2634925842285	26.0463008880615
16.4873218536377	1.15801012516022
19.3428764343262	17.0277214050293
15.438159942627	28.415584564209
0.056568384170532	17.0277214050293
12.504828453064	13.2946710586548
3.90680956840515	13.2946710586548
31.2996616363525	25.5843276977539
21.3878688812256	17.3718395233154
11.0741338729858	22.2876300811768
19.6726169586182	19.7639179229736
24.6373291015625	26.0463008880615
2.02481436729431	22.9620552062988
10.2722806930542	12.7537841796875
3.91453671455383	16.3703308105469
25.6465854644775	16.3703308105469
0.631048202514649	1.15801012516022
17.6953620910645	1.15801012516022
0	22.2876300811768
23.855619430542	26.1224117279053
0	28.9246578216553
0	0.836725831031799
1.2384090423584	10.7208280563355
6.08672142028809	0
2.57675170898437	28.5291366577148
0	17.1089954376221
0	0
24.057430267334	30.6544437408447
2.48240900039673	24.6010856628418
0	11.9905118942261
0	19.7611312866211
1.34625244140625	0
3.56387877464294	0
0	15.7279376983643
46.0768203735352	6.48947811126709
37.1690864562988	19.3087787628174
24.6375160217285	17.0778179168701
14.4737167358398	27.1439266204834
7.71882104873657	27.8406867980957
3.37500691413879	31.8670482635498

